29,n6hmv0lasfsf7kn4jldpu2ijho,admin,"2021-04-28 19:28:11",,::1
28,ijos3uhlhi544l6rdkeocn73gs,admin,"2021-04-28 18:59:58","2021-04-28 19:01:49",::1
27,fin6vlbg81nrvpk0tijk1pt3dc,admin,"2021-04-28 18:15:46","2021-04-28 18:59:53",::1
26,890o1u6jsq3b528kudf5gr9hio,admin,"2021-04-27 20:49:58",,::1
25,cn5fhouq334i92erm17j8leea9,admin,"2021-04-27 20:49:03","2021-04-27 20:49:51",::1
24,pd6fb3gmd9nmup8d40usur03tl,admin,"2021-04-27 20:48:21","2021-04-27 20:48:48",::1
23,ejj01e936267m7kup43gahhrjg,admin,"2021-04-27 20:47:25","2021-04-27 20:48:17",::1
22,8bb471subsup6k7mce83681rg5,admin,"2021-04-27 20:46:47","2021-04-27 20:47:21",::1
21,g2ipp0cp4n8bu8o2kd66ardq6d,admin,"2021-04-11 23:11:17",,::1
20,qafbn1b1qmfo8u5aa830dnkj9d,admin,"2021-04-05 20:59:31",,::1
19,ci0rcnlnht6hukfm8iehisohkb,admin,"2021-04-05 18:53:59",,::1
18,pcl86rgvaaltqpi9c65t5dduq3,admin,"2021-04-05 16:24:41",,::1
17,jgsv2e5rtt2dmjmdhifj7vbh7q,admin,"2021-04-05 13:52:46",,::1
16,ht0eeaggjic5carmtq12pt98aa,admin,"2021-04-05 13:50:57","2021-04-05 13:52:39",::1
15,f86ioqpn1g4omao7hd5k2fv7c4,admin,"2021-04-05 13:42:40","2021-04-05 13:50:52",::1
14,btlr9oe3m139r41fm6ool57m95,admin,"2021-04-03 14:40:18",,::1
13,oa3gsk3ed4mn0apnru97iq4h2p,admin,"2021-04-02 23:00:01",,::1
12,psbnu0m96lj7r3v43r18nflh6h,admin,"2021-04-02 22:15:45",,::1
11,mu0sjjt4kbep0n4eoc98eredqh,admin,"2021-03-25 21:43:32",,::1
10,ckbt44hque3695hhbgfn8futjk,admin,"2021-03-24 20:33:54",,::1
9,nsj8bqtdshqttoe85uk93t54nb,admin,"2021-03-24 19:39:10",,::1
8,49pu0o72g3n7p1inisj2711a09,admin,"2021-03-10 14:38:27",,::1
7,c3c4pbqosr35m0mjn6rstn42a5,admin,"2021-03-10 14:38:10","2021-03-10 14:38:24",::1
6,0eag3dgb19pc5e6p14n3d89rj4,admin,"2021-03-10 14:34:40","2021-03-10 14:38:08",::1
5,rcibh77vrohste56lockmh4lnl,admin,"2021-03-10 14:31:31","2021-03-10 14:34:37",::1
4,o4jqr5ssjc8odivihjec6kgnd0,admin,"2021-03-10 14:29:29","2021-03-10 14:31:28",::1
3,o9knius0kmjhp4s0hg2oo6soao,admin,"2021-03-10 14:28:30","2021-03-10 14:29:26",::1
2,l8abdvh7f7889b4sk1pe7eavpg,admin,"2021-03-10 14:27:58","2021-03-10 14:28:27",::1
1,bds60u2ag58rigk31p814b88t8,admin,"2021-03-10 13:32:05",,::1
